panel,panel_index,id,name,L,a,b,R,G,B,measured,notes
aqua_teal_green_blue,1,846,SEA GLASS,,,,,,,false,
aqua_teal_green_blue,2,1005,AQUA,,,,,,,false,
aqua_teal_green_blue,3,1514,ROBIN EGG,,,,,,,false,
aqua_teal_green_blue,4,1011,BAHAMA BLUE,,,,,,,false,
aqua_teal_green_blue,5,491,JAMAICA,,,,,,,false,
aqua_teal_green_blue,6,1282,PEACOCK,,,,,,,false,
aqua_teal_green_blue,7,139,LAGOON,,,,,,,false,
aqua_teal_green_blue,8,1376,TURQUOISE,,,,,,,false,
aqua_teal_green_blue,9,151,CYAN,,,,,,,false,
aqua_teal_green_blue,10,446,OASIS,,,,,,,false,
aqua_teal_green_blue,11,479,MEDITERRANEAN,,,,,,,false,
aqua_teal_green_blue,12,233,CELESTIAL,,,,,,,false,
aqua_teal_green_blue,13,1852,SEA MIST,,,,,,,false,
aqua_teal_green_blue,14,1173,ICE FRAPPE,,,,,,,false,
aqua_teal_green_blue,15,1833,ALOHA,,,,,,,false,
aqua_teal_green_blue,16,45,POOL,,,,,,,false,
aqua_teal_green_blue,17,1061,CANDY GREEN,,,,,,,false,
aqua_teal_green_blue,18,1321,SAGE,,,,,,,false,
aqua_teal_green_blue,19,1009,AZURE,,,,,,,false,
aqua_teal_green_blue,20,442,CAPRI,,,,,,,false,
aqua_teal_green_blue,21,440,BREAKERS,,,,,,,false,
aqua_teal_green_blue,22,1183,JADE GREEN,,,,,,,false,
aqua_teal_green_blue,23,1064,CARIBBEAN,,,,,,,false,
aqua_teal_green_blue,24,1373,TEAL BLUE,,,,,,,false,
aqua_teal_green_blue,25,837,ARUBA,,,,,,,false,
aqua_teal_green_blue,26,200,POND,,,,,,,false,
aqua_teal_green_blue,27,197,ALOE,,,,,,,false,
aqua_teal_green_blue,28,1474,CYPRESS,,,,,,,false,
aqua_teal_green_blue,29,445,KALE,,,,,,,false,
aqua_teal_green_blue,30,1031,BLUEGRASS,,,,,,,false,
aqua_teal_green_blue,31,1135,EMERALD,,,,,,,false,
aqua_teal_green_blue,32,483,ULTRA MARINE,,,,,,,false,
aqua_teal_green_blue,33,146,GLACIER,,,,,,,false,
aqua_teal_green_blue,34,356,EVERGLADE,,,,,,,false,
aqua_teal_green_blue,35,1361,SPRUCE,,,,,,,false,
aqua_teal_green_blue,36,1137,EVERGREEN,,,,,,,false,
aqua_teal_green_blue,37,316,TARRAGON,,,,,,,false,
aqua_teal_green_blue,38,29,SPRING,,,,,,,false,
aqua_teal_green_blue,39,1065,CELADON,,,,,,,false,
aqua_teal_green_blue,40,1259,OLD GREEN,,,,,,,false,
aqua_teal_green_blue,41,30,LAUREL,,,,,,,false,
aqua_teal_green_blue,42,28,LEAF,,,,,,,false,
aqua_teal_green_blue,43,1840,DILL,,,,,,,false,
aqua_teal_green_blue,44,31,PALM,,,,,,,false,
aqua_teal_green_blue,45,136,BASIL,,,,,,,false,
aqua_teal_green_blue,46,409,JUNIPER,,,,,,,false,
aqua_teal_green_blue,47,1145,FOREST,,,,,,,false,
aqua_teal_green_blue,48,1166,HUNTER GREEN,,,,,,,false,
aqua_teal_green_blue,49,1234,MINT,,,,,,,false,
aqua_teal_green_blue,50,145,PEAR,,,,,,,false,
aqua_teal_green_blue,51,221,PARAKEET,,,,,,,false,
aqua_teal_green_blue,52,1842,FERNDALE,,,,,,,false,
aqua_teal_green_blue,53,348,ASPARAGUS,,,,,,,false,
aqua_teal_green_blue,54,1293,PISTACHIO,,,,,,,false,
aqua_teal_green_blue,55,1141,FERN,,,,,,,false,
aqua_teal_green_blue,56,135,CLOVER,,,,,,,false,
aqua_teal_green_blue,57,1161,HOLLY,,,,,,,false,
aqua_teal_green_blue,58,1834,BALSAM,,,,,,,false,
aqua_teal_green_blue,59,1388,WILLOW,,,,,,,false,
aqua_teal_green_blue,60,1185,KELLY,,,,,,,false,
browns_reds_purples,1,1386,WHEAT,,,,,,,false,
browns_reds_purples,2,492,LATTE,,,,,,,false,
browns_reds_purples,3,1473,BISCUIT,,,,,,,false,
browns_reds_purples,4,1371,TAUPE,,,,,,,false,
browns_reds_purples,5,178,LEATHER,,,,,,,false,
browns_reds_purples,6,857,ROASTED PECAN,,,,,,,false,
browns_reds_purples,7,138,EARTH,,,,,,,false,
browns_reds_purples,8,275,SABLE,,,,,,,false,
browns_reds_purples,9,1237,MOCHA,,,,,,,false,
browns_reds_purples,10,406,CAPPUCCINO,,,,,,,false,
browns_reds_purples,11,407,CHESTNUT,,,,,,,false,
browns_reds_purples,12,1851,OTTER,,,,,,,false,
browns_reds_purples,13,1332,SIENNA,,,,,,,false,
browns_reds_purples,14,482,TERRACOTTA,,,,,,,false,
browns_reds_purples,15,157,SPICE,,,,,,,false,
browns_reds_purples,16,150,PAPRIKA,,,,,,,false,
browns_reds_purples,17,1075,CINNAMON,,,,,,,false,
browns_reds_purples,18,1082,COCOA,,,,,,,false,
browns_reds_purples,19,1042,BRICK,,,,,,,false,
browns_reds_purples,20,1215,MAHOGANY,,,,,,,false,
browns_reds_purples,21,1045,BROWN,,,,,,,false,
browns_reds_purples,22,1073,CHOCOLATE,,,,,,,false,
browns_reds_purples,23,1083,COFFEE,,,,,,,false,
browns_reds_purples,24,1136,ESPRESSO,,,,,,,false,
browns_reds_purples,25,143,PETAL,,,,,,,false,
browns_reds_purples,26,485,BALLERINA,,,,,,,false,
browns_reds_purples,27,1393,WOODROSE,,,,,,,false,
browns_reds_purples,28,1036,BLUSH PINK,,,,,,,false,
browns_reds_purples,29,1097,DEEP ROSE,,,,,,,false,
browns_reds_purples,30,956,FOXGLOVE,,,,,,,false,
browns_reds_purples,31,1310,ROSE,,,,,,,false,
browns_reds_purples,32,1294,PLUM,,,,,,,false,
browns_reds_purples,33,1039,BORDEAUX,,,,,,,false,
browns_reds_purples,34,1151,GARNET,,,,,,,false,
browns_reds_purples,35,1054,BURGUNDY,,,,,,,false,
browns_reds_purples,36,1469,RAISIN,,,,,,,false,
browns_reds_purples,37,24,PETUNIA,,,,,,,false,
browns_reds_purples,38,487,CORSAGE,,,,,,,false,
browns_reds_purples,39,258,PANSY,,,,,,,false,
browns_reds_purples,40,1484,LUPINE,,,,,,,false,
browns_reds_purples,41,1383,VIOLET,,,,,,,false,
browns_reds_purples,42,489,GUMDROP,,,,,,,false,
browns_reds_purples,43,1214,MAGENTA,,,,,,,false,
browns_reds_purples,44,473,GERANIUM,,,,,,,false,
browns_reds_purples,45,80,MULBERRY,,,,,,,false,
browns_reds_purples,46,1485,DK. VIOLET,,,,,,,false,
browns_reds_purples,47,1016,BERRY,,,,,,,false,
browns_reds_purples,48,1133,EGGPLANT,,,,,,,false,
browns_reds_purples,49,1266,ORCHID,,,,,,,false,
browns_reds_purples,50,134,THISTLE,,,,,,,false,
browns_reds_purples,51,1850,ORCHID ICE,,,,,,,false,
browns_reds_purples,52,1392,WISTERIA,,,,,,,false,
browns_reds_purples,53,488,DAHLIA,,,,,,,false,
browns_reds_purples,54,495,MORNING GLORY,,,,,,,false,
browns_reds_purples,55,477,HELIOTROPE,,,,,,,false,
browns_reds_purples,56,142,CROCUS,,,,,,,false,
browns_reds_purples,57,1857,VELVET,,,,,,,false,
browns_reds_purples,58,327,TULIP,,,,,,,false,
browns_reds_purples,59,1301,PURPLE,,,,,,,false,
browns_reds_purples,60,188,HIBISCUS,,,,,,,false,
neutrals_greys,1,1007,ASH,,,,,,,false,
neutrals_greys,2,456,SHALE,,,,,,,false,
neutrals_greys,3,500,TITANIUM,,,,,,,false,
neutrals_greys,4,408,IRON,,,,,,,false,
neutrals_greys,5,854,OVERCAST,,,,,,,false,
neutrals_greys,6,1854,SHARK,,,,,,,false,
neutrals_greys,7,1223,MED. GREY,,,,,,,false,
neutrals_greys,8,91,STEEL,,,,,,,false,
neutrals_greys,9,1837,CHALKBOARD,,,,,,,false,
neutrals_greys,10,106,METAL,,,,,,,false,
neutrals_greys,11,1080,COAL,,,,,,,false,
neutrals_greys,12,1071,CHARCOAL,,,,,,,false,
neutrals_greys,13,1387,WHITE,,,,,,,false,
neutrals_greys,14,1287,PFD BLEACH WHITE,,,,,,,false,
neutrals_greys,15,1339,SNOW,,,,,,,false,
neutrals_greys,16,1037,BONE,,,,,,,false,
neutrals_greys,17,863,HAZE,,,,,,,false,
neutrals_greys,18,839,DOVE,,,,,,,false,
neutrals_greys,19,1333,SILVER,,,,,,,false,
neutrals_greys,20,457,SHADOW,,,,,,,false,
neutrals_greys,21,856,QUICKSILVER,,,,,,,false,
neutrals_greys,22,1847,LIGHTHOUSE,,,,,,,false,
neutrals_greys,23,858,SHITAKE,,,,,,,false,
neutrals_greys,24,1470,PEWTER,,,,,,,false,
neutrals_greys,25,849,DESERT GREEN,,,,,,,false,
neutrals_greys,26,1328,SEAFOAM,,,,,,,false,
neutrals_greys,27,841,EUCALYPTUS,,,,,,,false,
neutrals_greys,28,186,STRAW,,,,,,,false,
neutrals_greys,29,478,LIMESTONE,,,,,,,false,
neutrals_greys,30,198,PARSLEY,,,,,,,false,
neutrals_greys,31,201,SWEET PEA,,,,,,,false,
neutrals_greys,32,1238,MOSS,,,,,,,false,
neutrals_greys,33,1256,O.D. GREEN,,,,,,,false,
neutrals_greys,34,340,HERB,,,,,,,false,
neutrals_greys,35,1713,SMOKE,,,,,,,false,
neutrals_greys,36,859,ZINC,,,,,,,false,
neutrals_greys,37,1176,ICE PEACH,,,,,,,false,
neutrals_greys,38,1205,LT. PARFAIT,,,,,,,false,
neutrals_greys,39,1271,SHELL,,,,,,,false,
neutrals_greys,40,843,LINGERIE,,,,,,,false,
neutrals_greys,41,1181,IVORY,,,,,,,false,
neutrals_greys,42,413,PARCHMENT,,,,,,,false,
neutrals_greys,43,1362,STONE,,,,,,,false,
neutrals_greys,44,486,COBBLESTONE,,,,,,,false,
neutrals_greys,45,1017,BISON,,,,,,,false,
neutrals_greys,46,1239,MUSHROOM,,,,,,,false,
neutrals_greys,47,850,DOESKIN,,,,,,,false,
neutrals_greys,48,1855,SUEDE,,,,,,,false,
neutrals_greys,49,1242,NATURAL,,,,,,,false,
neutrals_greys,50,1268,OYSTER,,,,,,,false,
neutrals_greys,51,184,EGGSHELL,,,,,,,false,
neutrals_greys,52,1090,CREAM,,,,,,,false,
neutrals_greys,53,1303,PUTTY,,,,,,,false,
neutrals_greys,54,1323,SAND,,,,,,,false,
neutrals_greys,55,1369,TAN,,,,,,,false,
neutrals_greys,56,1069,CHAMPAGNE,,,,,,,false,
neutrals_greys,57,1187,KHAKI,,,,,,,false,
neutrals_greys,58,1306,RAFFIA,,,,,,,false,
neutrals_greys,59,499,SCONE,,,,,,,false,
neutrals_greys,60,1162,HONEY,,,,,,,false,
neutrals_greys,61,295,GRAPHITE,,,,,,,false,
neutrals_greys,62,1844,GRIZZLY,,,,,,,false,
neutrals_greys,63,862,GOTHAM GREY,,,,,,,false,
neutrals_greys,64,359,PEPPER,,,,,,,false,
neutrals_greys,65,1019,BLACK,,,,,,,false,
purple_blue,1,844,PRINCESS,,,,,,,false,
purple_blue,2,1191,LILAC,,,,,,,false,
purple_blue,3,1189,LAVENDER,,,,,,,false,
purple_blue,4,1003,AMETHYST,,,,,,,false,
purple_blue,5,1048,BRT. PERI,,,,,,,false,
purple_blue,6,852,NOBLE PURPLE,,,,,,,false,
purple_blue,7,1541,DEEP BLUE,,,,,,,false,
purple_blue,8,415,REGAL,,,,,,,false,
purple_blue,9,140,NIGHTFALL,,,,,,,false,
purple_blue,10,1232,MIDNIGHT,,,,,,,false,
purple_blue,11,412,NAUTICAL,,,,,,,false,
purple_blue,12,1178,INDIGO,,,,,,,false,
purple_blue,13,152,CLOUD,,,,,,,false,
purple_blue,14,1029,BLUE BELL,,,,,,,false,
purple_blue,15,27,CORNFLOWER,,,,,,,false,
purple_blue,16,318,GRAPEMIST,,,,,,,false,
purple_blue,17,1171,HYACINTH,,,,,,,false,
purple_blue,18,357,LAPIS,,,,,,,false,
purple_blue,19,346,REGATTA,,,,,,,false,
purple_blue,20,1314,ROYAL,,,,,,,false,
purple_blue,21,454,PRUSSIAN,,,,,,,false,
purple_blue,22,1389,WINDSOR,,,,,,,false,
purple_blue,23,458,STORM,,,,,,,false,
purple_blue,24,1243,NAVY,,,,,,,false,
purple_blue,25,847,SPA BLUE,,,,,,,false,
purple_blue,26,277,BLUEBERRY,,,,,,,false,
purple_blue,27,1060,CANDY BLUE,,,,,,,false,
purple_blue,28,1285,PERIWINKLE,,,,,,,false,
purple_blue,29,196,BLUE JAY,,,,,,,false,
purple_blue,30,1452,DENIM,,,,,,,false,
purple_blue,31,1123,DRESDEN BLUE,,,,,,,false,
purple_blue,32,1101,DELFT,,,,,,,false,
purple_blue,33,195,EVENING,,,,,,,false,
purple_blue,34,1084,COPEN,,,,,,,false,
purple_blue,35,1058,CADET,,,,,,,false,
purple_blue,36,1336,SLATE,,,,,,,false,
purple_blue,37,1028,BLUE,,,,,,,false,
purple_blue,38,266,BREEZE,,,,,,,false,
purple_blue,39,194,LAKE,,,,,,,false,
purple_blue,40,855,PRAIRIE SKY,,,,,,,false,
purple_blue,41,448,STRATOSPHERE,,,,,,,false,
purple_blue,42,484,ASTRAL,,,,,,,false,
purple_blue,43,1845,HARBOR,,,,,,,false,
purple_blue,44,32,SURF,,,,,,,false,
purple_blue,45,848,BLUEPRINT,,,,,,,false,
purple_blue,46,25,OCEAN,,,,,,,false,
purple_blue,47,455,RIVIERA,,,,,,,false,
purple_blue,48,1218,MARINE,,,,,,,false,
purple_blue,49,1513,SKY,,,,,,,false,
purple_blue,50,1010,BABY BLUE,,,,,,,false,
purple_blue,51,362,DUSTY BLUE,,,,,,,false,
purple_blue,52,444,FOG,,,,,,,false,
purple_blue,53,866,WATERFALL,,,,,,,false,
purple_blue,54,1853,SEASCAPE,,,,,,,false,
purple_blue,55,497,NIAGARA,,,,,,,false,
purple_blue,56,405,ALEGRIA,,,,,,,false,
purple_blue,57,171,WATER,,,,,,,false,
purple_blue,58,864,PARIS BLUE,,,,,,,false,
purple_blue,59,494,MALIBU,,,,,,,false,
purple_blue,60,90,PACIFIC,,,,,,,false,
yellow_green,1,333,SUNFLOWER,,,,,,,false,
yellow_green,2,148,DAFFODIL,,,,,,,false,
yellow_green,3,350,CHEDDAR,,,,,,,false,
yellow_green,4,85,MAC N CHEESE,,,,,,,false,
yellow_green,5,474,GOLDFISH,,,,,,,false,
yellow_green,6,1479,AMBER,,,,,,,false,
yellow_green,7,443,CEDAR,,,,,,,false,
yellow_green,8,1154,GOLD,,,,,,,false,
yellow_green,9,1898,CARAMEL,,,,,,,false,
yellow_green,10,1478,YARROW,,,,,,,false,
yellow_green,11,349,BUTTERSCOTCH,,,,,,,false,
yellow_green,12,1704,OCHRE,,,,,,,false,
yellow_green,13,1481,BANANA,,,,,,,false,
yellow_green,14,1056,BUTTERCUP,,,,,,,false,
yellow_green,15,23,LEMON,,,,,,,false,
yellow_green,16,838,BRIGHT IDEA,,,,,,,false,
yellow_green,17,1077,CITRUS,,,,,,,false,
yellow_green,18,26,CANARY,,,,,,,false,
yellow_green,19,1098,CORN YELLOW,,,,,,,false,
yellow_green,20,840,DUCKLING,,,,,,,false,
yellow_green,21,1835,BANANA PEPPER,,,,,,,false,
yellow_green,22,476,YELLOW,,,,,,,false,
yellow_green,23,1677,CURRY,,,,,,,false,
yellow_green,24,1240,MUSTARD,,,,,,,false,
yellow_green,25,1229,MERINGUE,,,,,,,false,
yellow_green,26,1055,BUTTER,,,,,,,false,
yellow_green,27,1216,MAIZE,,,,,,,false,
yellow_green,28,1846,LEMON ICE,,,,,,,false,
yellow_green,29,1706,CELERY,,,,,,,false,
yellow_green,30,354,ZUCCHINI,,,,,,,false,
yellow_green,31,452,WASABI,,,,,,,false,
yellow_green,32,480,PICKLE,,,,,,,false,
yellow_green,33,347,ARTICHOKE,,,,,,,false,
yellow_green,34,1263,OLIVE,,,,,,,false,
yellow_green,35,441,BONSAI,,,,,,,false,
yellow_green,36,1843,GECKO,,,,,,,false,
yellow_green,37,254,SPROUT,,,,,,,false,
yellow_green,38,842,KEY LIME,,,,,,,false,
yellow_green,39,860,ACID LIME,,,,,,,false,
yellow_green,40,199,CACTUS,,,,,,,false,
yellow_green,41,493,LIMELIGHT,,,,,,,false,
yellow_green,42,1072,CHARTREUSE,,,,,,,false,
yellow_green,43,414,PEAPOD,,,,,,,false,
yellow_green,44,1192,LIME,,,,,,,false,
yellow_green,45,1703,GRASS GREEN,,,,,,,false,
yellow_green,46,317,PERIDOT,,,,,,,false,
yellow_green,47,165,IVY,,,,,,,false,
yellow_green,48,1451,AVOCADO,,,,,,,false,
yellow_green,49,1865,SUMMER PEAR,,,,,,,false,
yellow_green,50,21,HONEY DEW,,,,,,,false,
yellow_green,51,351,GREEN TEA,,,,,,,false,
yellow_green,52,472,CABBAGE,,,,,,,false,
yellow_green,53,144,SOUR APPLE,,,,,,,false,
yellow_green,54,1203,BOTANICAL,,,,,,,false,
yellow_green,55,498,PARROT,,,,,,,false,
yellow_green,56,1188,KIWI,,,,,,,false,
yellow_green,57,411,LEPRECHAUN,,,,,,,false,
yellow_green,58,475,GRASSHOPPER,,,,,,,false,
yellow_green,59,147,JUNGLE,,,,,,,false,
yellow_green,60,453,PESTO,,,,,,,false,
yellow_orange_red,1,449,SUNNY,,,,,,,false,
yellow_orange_red,2,149,PAPAYA,,,,,,,false,
yellow_orange_red,3,1849,NACHO CHEESE,,,,,,,false,
yellow_orange_red,4,1482,SCHOOL BUS,,,,,,,false,
yellow_orange_red,5,1320,SAFFRON,,,,,,,false,
yellow_orange_red,6,1265,ORANGE,,,,,,,false,
yellow_orange_red,7,1839,CLEMENTINE,,,,,,,false,
yellow_orange_red,8,1848,MARMALADE,,,,,,,false,
yellow_orange_red,9,410,KUMQUAT,,,,,,,false,
yellow_orange_red,10,84,PERSIMMON,,,,,,,false,
yellow_orange_red,11,192,MANGO,,,,,,,false,
yellow_orange_red,12,59,CANTALOUPE,,,,,,,false,
yellow_orange_red,13,496,NECTARINE,,,,,,,false,
yellow_orange_red,14,853,ORANGEADE,,,,,,,false,
yellow_orange_red,15,400,CARROT,,,,,,,false,
yellow_orange_red,16,450,TORCH,,,,,,,false,
yellow_orange_red,17,1370,TANGERINE,,,,,,,false,
yellow_orange_red,18,323,FLAME,,,,,,,false,
yellow_orange_red,19,1838,CHILI,,,,,,,false,
yellow_orange_red,20,865,PIMENTO,,,,,,,false,
yellow_orange_red,21,7,TOMATO,,,,,,,false,
yellow_orange_red,22,1194,LIPSTICK,,,,,,,false,
yellow_orange_red,23,1296,POPPY,,,,,,,false,
yellow_orange_red,24,355,CAYENNE,,,,,,,false,
yellow_orange_red,25,1283,PEARL PINK,,,,,,,false,
yellow_orange_red,26,1281,PEACH,,,,,,,false,
yellow_orange_red,27,185,CREAMSICLE,,,,,,,false,
yellow_orange_red,28,1483,SALMON,,,,,,,false,
yellow_orange_red,29,1087,CORAL,,,,,,,false,
yellow_orange_red,30,1308,RED,,,,,,,false,
yellow_orange_red,31,1063,CARDINAL,,,,,,,false,
yellow_orange_red,32,1480,CHINESE RED,,,,,,,false,
yellow_orange_red,33,1551,RICH RED,,,,,,,false,
yellow_orange_red,34,352,RUBY,,,,,,,false,
yellow_orange_red,35,1390,WINE,,,,,,,false,
yellow_orange_red,36,1091,CRIMSON,,,,,,,false,
yellow_orange_red,37,861,BALLET SLIPPER,,,,,,,false,
yellow_orange_red,38,1291,PINK,,,,,,,false,
yellow_orange_red,39,1144,BELLINI,,,,,,,false,
yellow_orange_red,40,1465,DUSTY PEACH,,,,,,,false,
yellow_orange_red,41,274,PRIMROSE,,,,,,,false,
yellow_orange_red,42,1228,MELON,,,,,,,false,
yellow_orange_red,43,190,CAMELLIA,,,,,,,false,
yellow_orange_red,44,419,AZALEA,,,,,,,false,
yellow_orange_red,45,447,PUNCH,,,,,,,false,
yellow_orange_red,46,1384,WATERMELON,,,,,,,false,
yellow_orange_red,47,1295,POMEGRANATE,,,,,,,false,
yellow_orange_red,48,481,SANGRIA,,,,,,,false,
yellow_orange_red,49,189,BABY PINK,,,,,,,false,
yellow_orange_red,50,110,PEONY,,,,,,,false,
yellow_orange_red,51,1225,MED. PINK,,,,,,,false,
yellow_orange_red,52,141,CARNATION,,,,,,,false,
yellow_orange_red,53,261,BUBBLE GUM,,,,,,,false,
yellow_orange_red,54,1062,CANDY PINK,,,,,,,false,
yellow_orange_red,55,845,SASSY PINK,,,,,,,false,
yellow_orange_red,56,1841,DRAGON FRUIT,,,,,,,false,
yellow_orange_red,57,1049,BRT. PINK,,,,,,,false,
yellow_orange_red,58,490,HONEYSUCKLE,,,,,,,false,
yellow_orange_red,59,451,VALENTINE,,,,,,,false,
yellow_orange_red,60,1066,CERISE,,,,,,,false,
